Source File	Size	loadResources	load	generateSnapshots	load-configure	scan	loadDepInfo	loadInfo	checkR4R4B	generateNarratives	validate	loadLists	checkConformanceResources	checkConformanceResources2	checkConformanceResources3	generateLogicalMaps	validateExpressions	scanForUsageStats	checkURLsUnique	processProvenanceDetails	generate1	generate2	generateLogicals	makeDependencies	generateExampleZip	generateValidationPack	scanProfilesForR5	scanExamplesForR5
\fsh-generated\resources\ImplementationGuide-example.basic.ig.json	1888	-	0	0	0	0	0	0	8	83	0	0	0	0	0	0	0	0	0	0	103	138	0	0	0	1	0	1
fsh-generated/resources/StructureDefinition-BasicPatient.json	622	12	0	70	1	0	0	0	0	46	0	0	1	0	0	0	0	1	0	0	332	2813	0	0	0	6	0	1
fsh-generated/resources/StructureDefinition-FavoriteColor.json	1208	11	0	16	0	0	0	0	0	16	0	0	0	0	0	0	0	0	0	0	102	780	0	0	0	2	0	0
\fsh-generated\includes\fsh-link-references.md	109	-	-	-	0	0	0	0	0	0	0	0	0	0	0	0	0	0	0	0	0	2	0	0	0	0	0	0
\fsh-generated\includes\menu.xml	1000	-	-	-	0	0	0	0	0	0	0	0	0	0	0	0	0	0	0	0	0	2	0	0	0	0	0	0
\input\pagecontent\index.md	71	-	-	-	0	0	0	0	0	0	0	0	0	0	0	0	0	0	0	0	0	2	0	0	0	0	0	0
\template\config	0	-	-	-	0	0	0	0	0	0	0	0	0	0	0	0	0	0	0	0	0	1	0	0	0	0	0	0
\template\config\_config.yml	140	-	-	-	0	0	0	0	0	0	0	0	0	0	0	0	0	0	0	0	0	1	0	0	0	0	0	0
\temp\pages\_includes\artifacts.xml	2142	-	-	-	-	-	-	-	-	-	-	-	-	-	-	-	-	-	-	-	-	2	0	0	0	0	0	0
